Nom du Cabinet,Date de Réalisation,Chemin du Fichier,Type Fichier,Date d'envoi,Date de réception
CONTRAT SERVICE DR DENY,2024-08-22,W:/François-Marie/Contrat EO 2024/fin2023-2024/CONTRAT SERVICE DR DENY.pdf,PDF
CONTRAT DE SERVICES ORTHOPTIE DANGAUTHIER,2024-08-09,W:/François-Marie/Contrat EO 2024/fin2023-2024/CONTRAT DE SERVICES ORTHOPTIE DANGAUTHIER.pdf,PDF,2024-09-10,
CONTRAT DE SERVICES OPHTALMO DR MICHEL ET SIMONIN,09/08/2024,W:/François-Marie/Contrat EO 2024/fin2023-2024/CONTRAT DE SERVICES OPHTALMO DR MICHEL ET SIMONIN.pdf,PDF
CONTRAT DE SERVICES CAB OPHTALMO DR ARNOULD,2024-08-09,W:/François-Marie/Contrat EO 2024/fin2023-2024/CONTRAT DE SERVICES CAB OPHTALMO DR ARNOULD.pdf,PDF
CONTRAT SERVICE Jérome RAFT ORL,2024-09-08,W:/François-Marie/Contrat EO 2024/CONTRATS NEW/CONTRAT SERVICE Jérome RAFT ORL.pdf,PDF,,
"CONTRAT DE SERVICES CAB OPHTALMO DR SI AHMED, BADREDDINE",2024-09-10,"W:/François-Marie/Contrat EO 2024/CONTRATS NEW/CONTRAT DE SERVICES CAB OPHTALMO DR SI AHMED, BADREDDINE.pdf",PDF,,
CONTRAT DE SERVICES CAB OPHTALMO DR TCHAPLYGUINE,2024-09-10,W:/François-Marie/Contrat EO 2024/CONTRATS NEW/CONTRAT DE SERVICES CAB OPHTALMO DR TCHAPLYGUINE.pdf,PDF,,
CONTRAT SERVICE Dr GUIGUE LEVY OPHTALMO,2024-09-10,W:/François-Marie/Contrat EO 2024/CONTRATS NEW/CONTRAT SERVICE Dr GUIGUE LEVY OPHTALMO.pdf,PDF,,
OPHTA 42,2024-09-10,W:/François-Marie/Contrat EO 2024/CONTRATS NEW/CONTRAT DE SERVICES CAB OPHTALMO DR TCHAPLYGUINE.pdf,PDF,,
DR FOGLIARINI OPHTALMO,2024-09-10,W:/François-Marie/Contrat EO 2024/CONTRATS NEW/CONTRAT DE SERVICES CAB OPHTALMO DR FOGLIARINI.pdf,PDF,,2024-09-10
